Type,S1_S2,S1_S3,S1_S4,S2_S3,S2_S4,S3_S4,W1_W2,W1_W3,W2_W3
./.__./.,9824,10740,9206,9471,8035,8835,5642,9020,5128
./.__0/0,4615,4336,4850,3109,3710,4440,12361,8255,1615
0/0__./.,2981,3625,2712,4095,3180,3007,2786,5381,7372
0/0__0/0,24370,24057,24769,25132,25559,25112,45760,41761,48705
0/0__0/1,4612,4265,4460,3788,4247,4674,9074,9519,4689
0/0__1/1,108,124,130,73,102,69,109,1068,485
./.__0/1,3929,3660,4202,2652,3204,3368,7437,7573,2277
0/1__./.,2506,2763,2090,3157,2600,2179,936,1402,2851
0/1__0/0,3991,4386,3930,4555,4302,3984,3069,2731,2437
0/1__0/1,36816,35981,37170,37756,38551,37816,25665,23849,33957
0/1__1/1,944,1127,1067,907,922,1071,1095,2783,3489
./.__1/1,2700,2332,2810,1743,2026,2513,2217,2809,673
1/1__./.,1664,2028,1532,2433,1725,1519,329,606,1058
1/1__0/0,112,83,83,66,61,96,61,30,20
1/1__0/1,1018,1144,976,854,806,950,558,596,614
1/1__1/1,24614,24153,24817,25013,25774,25171,7705,7421,9434
